-- Human Milk Bank Management System mock data
-- Run this after schema.sql in the Supabase SQL editor.
-- This script resets mock operational data, but keeps your existing users.

begin;

truncate table
  sms_logs,
  dispensing_transactions,
  milk_inquiries,
  disposal_records,
  pasteurization_records,
  milk_collections,
  milk_batches,
  beneficiaries,
  donors
restart identity cascade;

-- Donor DTNs are generated by the schema trigger.
insert into donors (donor_id, first_name, middle_name, last_name, birthdate, address, contact_number, status, created_by)
values (1, 'Maria', 'Lopez', 'Santos', '1994-02-14', 'Barangay San Isidro, Quezon City', '09170000001', 'Active', 4);
insert into donors (donor_id, first_name, middle_name, last_name, birthdate, address, contact_number, status, created_by)
values (2, 'Anna', 'Dela', 'Cruz', '1992-07-08', 'Barangay Bagong Pag-asa, Quezon City', '09170000002', 'Active', 4);
insert into donors (donor_id, first_name, middle_name, last_name, birthdate, address, contact_number, status, created_by)
values (3, 'Jane', 'Lim', 'Reyes', '1996-11-20', 'Barangay Poblacion, Makati City', '09170000003', 'Active', 3);
insert into donors (donor_id, first_name, middle_name, last_name, birthdate, address, contact_number, status, created_by)
values (4, 'Carla', 'Mendoza', 'Garcia', '1991-03-05', 'Barangay Plainview, Mandaluyong City', '09170000004', 'Active', 3);
insert into donors (donor_id, first_name, middle_name, last_name, birthdate, address, contact_number, status, created_by)
values (5, 'Rhea', 'Aquino', 'Torres', '1995-09-22', 'Barangay Malanday, Marikina City', '09170000005', 'Active', 4);
insert into donors (donor_id, first_name, middle_name, last_name, birthdate, address, contact_number, status, created_by)
values (6, 'Bianca', 'Ocampo', 'Flores', '1993-12-10', 'Barangay Sta. Lucia, Pasig City', '09170000006', 'Active', 3);
insert into donors (donor_id, first_name, middle_name, last_name, birthdate, address, contact_number, status, created_by)
values (7, 'Jessa', 'Ramos', 'Villanueva', '1990-04-17', 'Barangay Tatalon, Quezon City', '09170000007', 'Active', 3);
insert into donors (donor_id, first_name, middle_name, last_name, birthdate, address, contact_number, status, created_by)
values (8, 'Nina', 'Castillo', 'Morales', '1997-01-30', 'Barangay San Antonio, Pasig City', '09170000008', 'Active', 4);
insert into donors (donor_id, first_name, middle_name, last_name, birthdate, address, contact_number, status, created_by)
values (9, 'Grace', 'Bautista', 'Navarro', '1989-08-19', 'Barangay West Rembo, Taguig City', '09170000009', 'Active', 3);
insert into donors (donor_id, first_name, middle_name, last_name, birthdate, address, contact_number, status, created_by)
values (10, 'Mika', 'Soriano', 'Diaz', '1998-05-27', 'Barangay Tondo, Manila City', '09170000010', 'Inactive', 4);
insert into donors (donor_id, first_name, middle_name, last_name, birthdate, address, contact_number, status, created_by)
values (11, 'Elaine', 'Robles', 'Rivera', '1994-10-11', 'Barangay Moonwalk, Paranaque City', '09170000011', 'Active', 3);
insert into donors (donor_id, first_name, middle_name, last_name, birthdate, address, contact_number, status, created_by)
values (12, 'Katrina', 'Uy', 'Tan', '1996-06-06', 'Barangay Kapitolyo, Pasig City', '09170000012', 'Active', 3);
insert into donors (donor_id, first_name, middle_name, last_name, birthdate, address, contact_number, status, created_by)
values (13, 'Leah', 'Padilla', 'Gomez', '1992-02-28', 'Barangay Hulo, Mandaluyong City', '09170000013', 'Active', 4);
insert into donors (donor_id, first_name, middle_name, last_name, birthdate, address, contact_number, status, created_by)
values (14, 'Patricia', 'Salazar', 'Lopez', '1995-07-15', 'Barangay Santa Cruz, Manila City', '09170000014', 'Active', 3);
insert into donors (donor_id, first_name, middle_name, last_name, birthdate, address, contact_number, status, created_by)
values (15, 'Monica', 'Velasco', 'Sy', '1991-09-09', 'Barangay Ugong, Pasig City', '09170000015', 'Inactive', 3);

insert into beneficiaries (beneficiary_id, first_name, last_name, contact_number, address, is_active, created_by)
values
  (1, 'Baby Aira', 'Dizon', '09280000001', 'NICU Ward A, City Hospital', true, 2),
  (2, 'Baby Marco', 'Fernandez', '09280000002', 'NICU Ward A, City Hospital', true, 2),
  (3, 'Baby Luna', 'Aquino', '09280000003', 'NICU Ward B, City Hospital', true, 4),
  (4, 'Baby Theo', 'Mendoza', '09280000004', 'NICU Ward B, City Hospital', true, 4),
  (5, 'Baby Sofia', 'Ramos', '09280000005', 'NICU Ward C, City Hospital', true, 3),
  (6, 'Baby Liam', 'Castro', '09280000006', 'Pediatric Ward, City Hospital', true, 3),
  (7, 'Baby Mia', 'Flores', '09280000007', 'NICU Ward A, City Hospital', true, 4),
  (8, 'Baby Noah', 'Garcia', '09280000008', 'NICU Ward B, City Hospital', true, 2),
  (9, 'Baby Emma', 'Torres', '09280000009', 'Pediatric Ward, City Hospital', true, 3),
  (10, 'Baby Lucas', 'Villanueva', '09280000010', 'NICU Ward C, City Hospital', true, 4),
  (11, 'Baby Zoe', 'Morales', '09280000011', 'NICU Ward A, City Hospital', true, 2),
  (12, 'Baby Ethan', 'Navarro', '09280000012', 'NICU Ward B, City Hospital', true, 3),
  (13, 'Baby Isla', 'Diaz', '09280000013', 'Pediatric Ward, City Hospital', true, 4),
  (14, 'Baby Caleb', 'Rivera', '09280000014', 'NICU Ward C, City Hospital', true, 2),
  (15, 'Baby Ava', 'Tan', '09280000015', 'NICU Ward A, City Hospital', true, 3),
  (16, 'Baby Eli', 'Gomez', '09280000016', 'NICU Ward B, City Hospital', true, 4),
  (17, 'Baby Chloe', 'Lopez', '09280000017', 'Pediatric Ward, City Hospital', true, 2),
  (18, 'Baby Levi', 'Sy', '09280000018', 'NICU Ward C, City Hospital', true, 3),
  (19, 'Baby Yuna', 'Baltazar', '09280000019', 'NICU Ward A, City Hospital', true, 4),
  (20, 'Baby Kai', 'Mercado', '09280000020', 'NICU Ward B, City Hospital', true, 2),
  (21, 'Baby Aria', 'Bautista', '09280000021', 'Pediatric Ward, City Hospital', true, 3),
  (22, 'Baby Milo', 'Ocampo', '09280000022', 'NICU Ward C, City Hospital', true, 4),
  (23, 'Baby Nia', 'Salvador', '09280000023', 'NICU Ward A, City Hospital', true, 2),
  (24, 'Baby Enzo', 'Rosales', '09280000024', 'NICU Ward B, City Hospital', false, 3),
  (25, 'Baby Celine', 'Manalo', '09280000025', 'Pediatric Ward, City Hospital', true, 4);

insert into milk_batches (batch_id, batch_number, is_pooled, total_volume, available_volume, status, expiration_date, created_at)
values
  (1, 'B2026-0601', false, 240, 240, 'Available', '2026-08-01', '2026-06-01 08:45:00'),
  (2, 'B2026-0602', false, 220, 220, 'Available', '2026-08-02', '2026-06-01 10:30:00'),
  (3, 'B2026-0603', true, 600, 600, 'Available', '2026-08-03', '2026-06-02 09:15:00'),
  (4, 'B2026-0604', true, 520, 520, 'Available', '2026-08-04', '2026-06-03 11:20:00'),
  (5, 'B2026-0605', false, 180, 180, 'Passed', null, '2026-06-04 08:00:00'),
  (6, 'B2026-0606', false, 210, 210, 'Pending Lab', null, '2026-06-04 13:10:00'),
  (7, 'B2026-0607', false, 160, 0, 'Disposed', null, '2026-06-05 09:40:00'),
  (8, 'B2026-0608', false, 210, 210, 'Available', '2026-08-08', '2026-06-05 14:20:00'),
  (9, 'B2026-0609', false, 190, 0, 'Disposed', null, '2026-06-06 08:30:00'),
  (10, 'B2026-0610', false, 230, 230, 'Available', '2026-08-10', '2026-06-06 15:00:00'),
  (11, 'B2026-0611', false, 200, 200, 'Pending Lab', null, '2026-06-07 09:00:00'),
  (12, 'B2026-0612', false, 240, 240, 'Passed', null, '2026-06-08 10:00:00'),
  (13, 'B2026-0613', true, 660, 660, 'Available', '2026-08-13', '2026-06-09 08:15:00'),
  (14, 'B2026-0614', false, 190, 190, 'Available', '2026-08-14', '2026-06-10 12:45:00'),
  (15, 'B2026-0615', false, 150, 0, 'Disposed', null, '2026-06-11 09:25:00'),
  (16, 'B2026-0616', false, 220, 220, 'Available', '2026-08-16', '2026-06-12 10:35:00'),
  (17, 'B2026-0617', false, 180, 180, 'Available', '2026-08-17', '2026-06-13 08:50:00'),
  (18, 'B2026-0618', false, 290, 290, 'Pending Lab', null, '2026-06-14 11:05:00');

insert into milk_collections (collection_id, batch_id, donor_id, collection_type, collection_date, volume_ml, collected_by, status, created_at)
values
  (1, 1, 1, 'Supsup Todo', '2026-06-01', 240, 3, 'Available', '2026-06-01 08:45:00'),
  (2, 2, 2, 'Milky Way', '2026-06-01', 220, 4, 'Available', '2026-06-01 10:30:00'),
  (3, 3, 3, 'Mom''s Act', '2026-06-02', 200, 3, 'Available', '2026-06-02 09:15:00'),
  (4, 3, 4, 'Mom''s Act', '2026-06-02', 200, 3, 'Available', '2026-06-02 09:25:00'),
  (5, 3, 5, 'Mom''s Act', '2026-06-02', 200, 4, 'Available', '2026-06-02 09:35:00'),
  (6, 4, 6, 'Supsup Todo', '2026-06-03', 180, 3, 'Available', '2026-06-03 11:20:00'),
  (7, 4, 7, 'Supsup Todo', '2026-06-03', 160, 3, 'Available', '2026-06-03 11:30:00'),
  (8, 4, 8, 'Supsup Todo', '2026-06-03', 180, 4, 'Available', '2026-06-03 11:45:00'),
  (9, 5, 9, 'Milky Way', '2026-06-04', 180, 3, 'Passed', '2026-06-04 08:00:00'),
  (10, 6, 11, 'Mom''s Act', '2026-06-04', 210, 4, 'Pending Lab', '2026-06-04 13:10:00'),
  (11, 7, 12, 'Supsup Todo', '2026-06-05', 160, 3, 'Disposed', '2026-06-05 09:40:00'),
  (12, 8, 13, 'Milky Way', '2026-06-05', 210, 3, 'Available', '2026-06-05 14:20:00'),
  (13, 9, 14, 'Mom''s Act', '2026-06-06', 190, 3, 'Disposed', '2026-06-06 08:30:00'),
  (14, 10, 1, 'Supsup Todo', '2026-06-06', 230, 4, 'Available', '2026-06-06 15:00:00'),
  (15, 11, 2, 'Milky Way', '2026-06-07', 200, 3, 'Pending Lab', '2026-06-07 09:00:00'),
  (16, 12, 3, 'Mom''s Act', '2026-06-08', 240, 3, 'Passed', '2026-06-08 10:00:00'),
  (17, 13, 4, 'Supsup Todo', '2026-06-09', 220, 4, 'Available', '2026-06-09 08:15:00'),
  (18, 13, 5, 'Supsup Todo', '2026-06-09', 220, 4, 'Available', '2026-06-09 08:25:00'),
  (19, 13, 6, 'Supsup Todo', '2026-06-09', 220, 3, 'Available', '2026-06-09 08:35:00'),
  (20, 14, 7, 'Milky Way', '2026-06-10', 190, 3, 'Available', '2026-06-10 12:45:00'),
  (21, 15, 8, 'Mom''s Act', '2026-06-11', 150, 4, 'Disposed', '2026-06-11 09:25:00'),
  (22, 16, 9, 'Supsup Todo', '2026-06-12', 220, 3, 'Available', '2026-06-12 10:35:00'),
  (23, 17, 11, 'Milky Way', '2026-06-13', 180, 3, 'Available', '2026-06-13 08:50:00'),
  (24, 18, 12, 'Mom''s Act', '2026-06-14', 200, 4, 'Pending Lab', '2026-06-14 11:05:00'),
  (25, 18, 12, 'Mom''s Act', '2026-06-14', 90, 4, 'Pending Lab', '2026-06-14 15:30:00');

insert into pasteurization_records (pasteurization_id, batch_id, pre_test_result, pre_test_date, post_test_result, post_test_date, expiration_date, recorded_by)
values
  (1, 1, 'Passed', '2026-06-01', 'Passed', '2026-06-02', '2026-08-01', 3),
  (2, 2, 'Passed', '2026-06-01', 'Passed', '2026-06-02', '2026-08-02', 3),
  (3, 3, 'Passed', '2026-06-02', 'Passed', '2026-06-03', '2026-08-03', 3),
  (4, 4, 'Passed', '2026-06-03', 'Passed', '2026-06-04', '2026-08-04', 3),
  (5, 5, 'Passed', '2026-06-04', null, null, null, 3),
  (6, 6, null, null, null, null, null, 4),
  (7, 7, 'Failed', '2026-06-05', null, null, null, 3),
  (8, 8, 'Passed', '2026-06-05', 'Passed', '2026-06-06', '2026-08-08', 3),
  (9, 9, 'Failed', '2026-06-06', null, null, null, 3),
  (10, 10, 'Passed', '2026-06-06', 'Passed', '2026-06-07', '2026-08-10', 4),
  (11, 11, null, null, null, null, null, 3),
  (12, 12, 'Passed', '2026-06-08', null, null, null, 3),
  (13, 13, 'Passed', '2026-06-09', 'Passed', '2026-06-10', '2026-08-13', 4),
  (14, 14, 'Passed', '2026-06-10', 'Passed', '2026-06-11', '2026-08-14', 3),
  (15, 15, 'Failed', '2026-06-11', null, null, null, 4),
  (16, 16, 'Passed', '2026-06-12', 'Passed', '2026-06-13', '2026-08-16', 3),
  (17, 17, 'Passed', '2026-06-13', 'Passed', '2026-06-14', '2026-08-17', 3),
  (18, 18, null, null, null, null, null, 4);

insert into disposal_records (disposal_id, batch_id, disposal_date, reason, disposed_by)
values
  (1, 7, '2026-06-05', 'Failed pre-test', 3),
  (2, 9, '2026-06-06', 'Failed pre-test', 3),
  (3, 15, '2026-06-11', 'Failed pre-test', 4);

insert into milk_inquiries (inquiry_id, beneficiary_id, requested_volume_ml, inquiry_date, status, logged_by, created_at)
values
  (1, 1, 120, '2026-06-05', 'Fulfilled', 4, '2026-06-05 09:00:00'),
  (2, 2, 180, '2026-06-06', 'Fulfilled', 4, '2026-06-06 09:00:00'),
  (3, 3, 300, '2026-06-07', 'Fulfilled', 3, '2026-06-07 09:00:00'),
  (4, 4, 250, '2026-06-08', 'Fulfilled', 3, '2026-06-08 09:00:00'),
  (5, 5, 160, '2026-06-09', 'Fulfilled', 4, '2026-06-09 09:00:00'),
  (6, 6, 220, '2026-06-10', 'Pending', 4, '2026-06-10 09:00:00'),
  (7, 7, 200, '2026-06-11', 'Pending', 3, '2026-06-11 09:00:00'),
  (8, 8, 140, '2026-06-12', 'Pending', 3, '2026-06-12 09:00:00'),
  (9, 9, 260, '2026-06-13', 'Pending', 4, '2026-06-13 09:00:00'),
  (10, 10, 100, '2026-06-14', 'Pending', 4, '2026-06-14 09:00:00'),
  (11, 11, 90, '2026-06-15', 'Pending', 3, '2026-06-15 09:00:00'),
  (12, 12, 180, '2026-06-16', 'Pending', 3, '2026-06-16 09:00:00'),
  (13, 13, 240, '2026-06-17', 'Pending', 4, '2026-06-17 09:00:00'),
  (14, 14, 160, '2026-06-18', 'Pending', 4, '2026-06-18 09:00:00'),
  (15, 15, 110, '2026-06-19', 'Pending', 3, '2026-06-19 09:00:00'),
  (16, 16, 190, '2026-06-20', 'Pending', 3, '2026-06-20 09:00:00'),
  (17, 17, 120, '2026-06-21', 'Pending', 4, '2026-06-21 09:00:00'),
  (18, 18, 210, '2026-06-22', 'Pending', 4, '2026-06-22 09:00:00'),
  (19, 19, 150, '2026-06-23', 'Pending', 3, '2026-06-23 09:00:00'),
  (20, 20, 80, '2026-06-24', 'Pending', 3, '2026-06-24 09:00:00'),
  (21, 21, 130, '2026-06-25', 'Pending', 4, '2026-06-25 09:00:00'),
  (22, 22, 170, '2026-06-26', 'Pending', 4, '2026-06-26 09:00:00'),
  (23, 23, 100, '2026-06-27', 'Pending', 3, '2026-06-27 09:00:00'),
  (24, 24, 90, '2026-06-27', 'Pending', 3, '2026-06-27 10:00:00'),
  (25, 25, 200, '2026-06-28', 'Pending', 4, '2026-06-28 09:00:00');

insert into dispensing_transactions (transaction_id, beneficiary_id, batch_id, volume_dispensed, price, dispensed_by, transaction_date, created_at)
values
  (1, 1, 1, 120, 0, 3, '2026-06-05', '2026-06-05 11:00:00'),
  (2, 2, 2, 180, 0, 3, '2026-06-06', '2026-06-06 11:00:00'),
  (3, 3, 3, 300, 0, 4, '2026-06-07', '2026-06-07 11:00:00'),
  (4, 4, 4, 250, 0, 4, '2026-06-08', '2026-06-08 11:00:00'),
  (5, 5, 8, 160, 0, 3, '2026-06-09', '2026-06-09 11:00:00'),
  (6, 6, 10, 200, 0, 3, '2026-06-10', '2026-06-10 11:00:00'),
  (7, 7, 13, 240, 0, 4, '2026-06-11', '2026-06-11 11:00:00'),
  (8, 8, 14, 90, 0, 4, '2026-06-12', '2026-06-12 11:00:00'),
  (9, 9, 16, 120, 0, 3, '2026-06-13', '2026-06-13 11:00:00'),
  (10, 10, 17, 80, 0, 3, '2026-06-14', '2026-06-14 11:00:00'),
  (11, 11, 3, 100, 0, 4, '2026-06-15', '2026-06-15 11:00:00'),
  (12, 12, 4, 120, 0, 4, '2026-06-16', '2026-06-16 11:00:00');

insert into sms_logs (sms_id, beneficiary_id, message, sent_by, sent_at, delivery_status, created_at)
values
  (1, 6, 'Milk is now available at the milk bank. Please contact staff for confirmation.', 3, '2026-06-10 10:00:00', 'Sent', '2026-06-10 10:00:00'),
  (2, 7, 'Milk is now available at the milk bank. Please contact staff for confirmation.', 3, '2026-06-11 10:00:00', 'Sent', '2026-06-11 10:00:00'),
  (3, 8, 'Milk is now available at the milk bank. Please contact staff for confirmation.', 4, '2026-06-12 10:00:00', 'Sent', '2026-06-12 10:00:00'),
  (4, 9, 'Milk is now available at the milk bank. Please contact staff for confirmation.', 4, '2026-06-13 10:00:00', 'Sent', '2026-06-13 10:00:00'),
  (5, 10, 'Milk is now available at the milk bank. Please contact staff for confirmation.', 3, '2026-06-14 10:00:00', 'Sent', '2026-06-14 10:00:00'),
  (6, 11, 'Milk is now available at the milk bank. Please contact staff for confirmation.', 3, '2026-06-15 10:00:00', 'Sent', '2026-06-15 10:00:00'),
  (7, 12, 'Milk is now available at the milk bank. Please contact staff for confirmation.', 4, '2026-06-16 10:00:00', 'Sent', '2026-06-16 10:00:00'),
  (8, 13, 'Milk is now available at the milk bank. Please contact staff for confirmation.', 4, '2026-06-17 10:00:00', 'Sent', '2026-06-17 10:00:00'),
  (9, 14, 'Milk is now available at the milk bank. Please contact staff for confirmation.', 3, '2026-06-18 10:00:00', 'Failed', '2026-06-18 10:00:00'),
  (10, 15, 'Milk is now available at the milk bank. Please contact staff for confirmation.', 3, '2026-06-19 10:00:00', 'Sent', '2026-06-19 10:00:00'),
  (11, 16, 'Milk is now available at the milk bank. Please contact staff for confirmation.', 4, '2026-06-20 10:00:00', 'Sent', '2026-06-20 10:00:00'),
  (12, 17, 'Milk is now available at the milk bank. Please contact staff for confirmation.', 4, '2026-06-21 10:00:00', 'Sent', '2026-06-21 10:00:00');

select setval(pg_get_serial_sequence('donors', 'donor_id'), (select max(donor_id) from donors), true);
select setval(pg_get_serial_sequence('beneficiaries', 'beneficiary_id'), (select max(beneficiary_id) from beneficiaries), true);
select setval(pg_get_serial_sequence('milk_batches', 'batch_id'), (select max(batch_id) from milk_batches), true);
select setval(pg_get_serial_sequence('milk_collections', 'collection_id'), (select max(collection_id) from milk_collections), true);
select setval(pg_get_serial_sequence('pasteurization_records', 'pasteurization_id'), (select max(pasteurization_id) from pasteurization_records), true);
select setval(pg_get_serial_sequence('disposal_records', 'disposal_id'), (select max(disposal_id) from disposal_records), true);
select setval(pg_get_serial_sequence('milk_inquiries', 'inquiry_id'), (select max(inquiry_id) from milk_inquiries), true);
select setval(pg_get_serial_sequence('dispensing_transactions', 'transaction_id'), (select max(transaction_id) from dispensing_transactions), true);
select setval(pg_get_serial_sequence('sms_logs', 'sms_id'), (select max(sms_id) from sms_logs), true);

commit;
